time,seconds_elapsed,accel_z,accel_y,accel_x,gyro_x,gyro_y,gyro_z
1.7726401763160602e+18,0.27906005859375,-0.0518903732299804,0.002936840057373,-0.0077359527349472,0.0001331579405814,-0.0010652635246515,0.0002663158811628
1.7726401763360515e+18,0.299051513671875,-0.0608739852905273,0.0075524225831031,0.0017013698816299,0.00093210558407,-0.0007989476434886,0.0007989476434886
1.7726401763560428e+18,0.319042724609375,-0.0566825866699218,-0.006786398589611,-0.0173451192677021,0.0003994738217443,-0.0007989476434886,0.0005326317623257
1.7726401763760343e+18,0.339034423828125,-0.0423107147216796,0.0026204735040664,-0.0172798931598663,0.0006657897029072,-0.0002663158811628,0.0002663158811628
1.7726401763960256e+18,0.359025634765625,-0.0656652450561523,0.0122357718646526,-0.0127373374998569,-0.0001331579405814,0.0,-0.0005326317623257
1.772640176416017e+18,0.379016845703125,-0.0656642913818359,-0.006841242313385,-0.0079852901399135,0.00093210558407,-0.0007989476434886,-0.0007989476434886
1.7726401764360084e+18,0.399008544921875,-0.051889419555664,-0.0019112415611743,-0.0177619196474552,-0.0001331579405814,0.0005326317623257,-0.0002663158811628
1.7726401764559997e+18,0.418999755859375,-0.0752449035644531,0.0030177757143974,-0.036702461540699,0.00093210558407,0.0002663158811628,-0.0002663158811628
1.772640176475991e+18,0.438990966796875,-0.0423088073730468,0.0029479712247848,-0.0079946853220462,-0.0001331579405814,-0.0013315794058144,-0.0005326317623257
1.7726401764959826e+18,0.458982666015625,-0.0423088073730468,0.0174063071608543,0.0016526356339454,-0.0003994738217443,-0.0002663158811628,0.0002663158811628
1.772640176515974e+18,0.478973876953125,-0.0566816329956054,0.0029103085398674,-0.0174451954662799,-0.0006657897029072,-0.0010652635246515,0.0005326317623257
1.7726401765359652e+18,0.498965087890625,-0.0566816329956054,-0.0065848268568515,-0.0078500844538211,-0.0006657897029072,0.0010652635246515,-0.0005326317623257
1.7726401765559567e+18,0.518956787109375,-0.0566825866699218,-0.0068113394081592,-0.0078889839351177,0.0003994738217443,-0.0002663158811628,0.0010652635246515
1.772640176575948e+18,0.538947998046875,-0.0566816329956054,-0.0066718645393848,0.0017580203711986,-0.0003994738217443,0.0002663158811628,0.0005326317623257
1.7726401765959393e+18,0.558939208984375,-0.0423078536987304,-0.0065852813422679,-0.0127579867839813,0.0006657897029072,0.0002663158811628,-0.0005326317623257
1.772640176615931e+18,0.578930908203125,-0.0375175476074218,0.0077163502573966,-0.0030584968626499,-0.0003994738217443,0.0,-0.0002663158811628
1.7726401766359222e+18,0.598922119140625,-0.0566797256469726,-0.015993133187294,-0.0079920776188373,0.0011984214652329,-0.0002663158811628,-0.0002663158811628
1.7726401766559135e+18,0.61891357421875,-0.042306900024414,-0.015852365642786,0.0016546435654163,-0.0006657897029072,0.0002663158811628,0.0002663158811628
1.772640176675905e+18,0.638905029296875,-0.0470972061157226,0.012925662100315,-0.003018632531166,-0.0003994738217443,-0.0007989476434886,-0.0007989476434886
1.7726401766958963e+18,0.658896240234375,-0.0518884658813476,-0.0110980980098247,-0.0076916627585887,0.0003994738217443,0.0005326317623257,0.0
1.7726401767158876e+18,0.6788876953125,-0.0470952987670898,-0.0205377340316772,-0.0223609916865825,-0.0011984214652329,-0.0007989476434886,0.0002663158811628
1.7726401767358787e+18,0.698878662109375,-0.0470962524414062,0.0178208947181701,-0.0174500830471515,-0.0006657897029072,0.0002663158811628,0.0
1.77264017675587e+18,0.718869873046875,-0.0470962524414062,-0.0060986503958702,-0.0036104544997215,-0.0001331579405814,0.0005326317623257,0.0
1.7726401767758612e+18,0.738861328125,-0.0470952987670898,0.0036732442677021,-0.0133340544998645,0.0003994738217443,0.0005326317623257,-0.0005326317623257
1.7726401767958525e+18,0.7588525390625,-0.0518856048583984,0.0083400942385196,0.000790312886238,-0.0006657897029072,-0.0015978952869772,0.0005326317623257
1.7726401768158438e+18,0.77884375,-0.0608692169189453,-0.0014688372611999,0.0007502175867557,-0.0001331579405814,0.0005326317623257,-0.0002663158811628
1.7726401768358351e+18,0.798835205078125,-0.037515640258789,0.012673869729042,-0.0040278434753417,-0.0001331579405814,0.0002663158811628,0.0
1.7726401768558262e+18,0.818826171875,-0.0423059463500976,0.0078633241355419,0.0101991742849349,-0.00093210558407,-0.0007989476434886,-0.0002663158811628
1.7726401768758175e+18,0.8388173828125,-0.042306900024414,0.007843505591154,0.0006821081042289,0.0006657897029072,-0.0013315794058144,0.0
1.7726401768958088e+18,0.858808837890625,-0.0470972061157226,-0.0065466202795505,0.0006415359675884,0.0011984214652329,-0.0002663158811628,-0.0005326317623257
1.7726401769158e+18,0.878800048828125,-0.0518903732299804,-0.0116146802902221,0.000862032175064,0.0011984214652329,0.0,-0.0007989476434886
1.7726401769357914e+18,0.898791259765625,-0.0704555511474609,-0.006996676325798,-0.0087049640715122,0.0001331579405814,-0.0007989476434886,0.0002663158811628
1.7726401769557824e+18,0.918782470703125,-0.0518903732299804,0.0074605122208595,0.0055223479866981,0.0001331579405814,0.0002663158811628,0.0
1.7726401769757737e+18,0.938773681640625,-0.0656623840332031,0.0076493732631206,0.0053247734904289,0.0001331579405814,-0.0002663158811628,-0.0010652635246515
1.772640176995765e+18,0.958764892578125,-0.0470972061157226,-0.0113206952810287,-0.0137183554470539,0.0014647373463958,0.0010652635246515,-0.0010652635246515
1.7726401770157563e+18,0.97875634765625,-0.0518884658813476,-0.0018088892102241,0.0054562389850616,0.00093210558407,0.0,0.0
1.7726401770357476e+18,0.99874755859375,-0.0518875122070312,0.007752388715744,-0.0085641853511333,-0.0003994738217443,-0.0007989476434886,-0.0002663158811628
1.7726401770557386e+18,1.018738525390625,-0.0566778182983398,0.0079405568540096,-0.0036554150283336,-0.00093210558407,-0.0010652635246515,0.0
1.77264017707573e+18,1.03872998046875,-0.0608701705932617,-0.011186197400093,-0.0035378746688365,-0.00093210558407,0.0005326317623257,-0.0002663158811628
1.7726401770957212e+18,1.05872119140625,-0.0566797256469726,-0.0015690326690673,-0.0081561170518398,0.0003994738217443,0.0,-0.0005326317623257
1.7726401771157125e+18,1.07871240234375,-0.0518884658813476,0.012625616043806,-0.0026996694505214,0.0001331579405814,-0.0013315794058144,-0.0005326317623257
1.7726401771357038e+18,1.098703857421875,-0.0656623840332031,-0.0016600750386714,0.0070496015250682,-0.00093210558407,0.0005326317623257,-0.0005326317623257
1.7726401771556948e+18,1.11869482421875,-0.0608711242675781,0.0271622613072395,0.0070589929819107,-0.0001331579405814,0.0005326317623257,-0.0007989476434886
1.7726401771756861e+18,1.13868603515625,-0.042306900024414,0.0031885094940662,-0.0071939527988433,-0.0001331579405814,0.0007989476434886,0.0007989476434886
1.7726401771956772e+18,1.15867724609375,-0.0375165939331054,-0.0109379477798938,-0.0068661384284496,0.00093210558407,0.0002663158811628,0.0007989476434886
1.7726401772156675e+18,1.17866748046875,-0.0423088073730468,-0.0013735629618167,-0.0020094700157642,-0.0003994738217443,0.0007989476434886,0.0002663158811628
1.7726401772356577e+18,1.19865771484375,-0.0608730316162109,0.0176089331507682,-0.0073319189250469,-0.0003994738217443,0.0,-0.0010652635246515
1.772640177255648e+18,1.21864794921875,-0.0566825866699218,-0.0016255564987659,-0.0120025798678398,0.0001331579405814,0.0005326317623257,0.0002663158811628
1.772640177275638e+18,1.238637939453125,-0.0518903732299804,-0.0113259404897689,-0.0170880742371082,-0.0011984214652329,0.0015978952869772,-0.0007989476434886
1.7726401772956283e+18,1.258628173828125,-0.0471000671386718,0.0126058980822563,-0.0073339156806468,0.00093210558407,0.0002663158811628,-0.0002663158811628
1.7726401773156186e+18,1.27861865234375,-0.0471000671386718,-0.0209406428039073,0.0069964565336704,0.0003994738217443,0.0005326317623257,-0.0015978952869772
1.7726401773356086e+18,1.298608642578125,-0.0800380706787109,-0.0017936900258064,-0.0026234313845634,0.0006657897029072,-0.0015978952869772,-0.0005326317623257
1.772640177375589e+18,1.338589111328125,-0.0470991134643554,0.0126387327909469,0.0018815211951732,0.0001331579405814,0.0007989476434886,0.0
1.7726401773955791e+18,1.3585791015625,-0.032724380493164,0.0079309456050395,-0.017418447881937,0.0001331579405814,-0.0002663158811628,-0.0002663158811628
1.7726401774155694e+18,1.3785693359375,-0.037515640258789,-0.0063005127012729,0.0018095299601554,0.0001331579405814,-0.0002663158811628,0.0005326317623257
1.7726401774355597e+18,1.3985595703125,-0.0608711242675781,-0.0061588920652866,-0.0035135187208652,-0.0006657897029072,-0.0007989476434886,-0.0002663158811628
1.7726401774555497e+18,1.4185498046875,-0.0518865585327148,-0.0012290515005588,0.0010802969336509,-0.0003994738217443,-0.0007989476434886,0.0002663158811628
1.77264017747554e+18,1.4385400390625,-0.0470943450927734,-0.0010895133018493,-0.0085888840258121,-0.0006657897029072,0.0002663158811628,0.0
1.7726401775155203e+18,1.478520263671875,-0.0423040390014648,-0.0008678324520587,0.0060763619840145,-0.0006657897029072,0.0002663158811628,0.0002663158811628
1.7726401775355105e+18,1.498510498046875,-0.0704526901245117,-0.0059358663856983,-0.0082288235425949,-0.0006657897029072,-0.0010652635246515,-0.0005326317623257
1.7726401775555008e+18,1.518500732421875,-0.0566778182983398,-0.0058988668024539,-0.0084210969507694,-0.0006657897029072,-0.0005326317623257,0.0005326317623257
1.7726401775754908e+18,1.53849072265625,-0.0518865585327148,0.0038721896708011,-0.0082473121583461,-0.0006657897029072,0.0,-0.0002663158811628
1.7726401776154714e+18,1.578471435546875,-0.0566768646240234,-0.0010064616799354,0.0057810880243778,0.0014647373463958,0.0002663158811628,-0.0013315794058144
1.7726401776354614e+18,1.59846142578125,-0.0608682632446289,0.0037645548582077,-0.0038905404508113,-0.0001331579405814,-0.0010652635246515,-0.0002663158811628
1.7726401776554516e+18,1.61845166015625,-0.0704517364501953,-0.0010957680642604,-0.0085595548152923,-0.00093210558407,0.0007989476434886,0.0002663158811628
1.772640177675442e+18,1.63844189453125,-0.0518875122070312,-0.0155304484069347,0.0012433230876922,0.0006657897029072,-0.0010652635246515,-0.0002663158811628
1.7726401776954322e+18,1.65843212890625,-0.037515640258789,0.0034559033811092,0.0059903040528297,0.0001331579405814,-0.0005326317623257,0.0
1.7726401777154227e+18,1.678422607421875,-0.0518875122070312,0.0082243233919143,-0.0084696114063262,0.0003994738217443,0.0005326317623257,0.0002663158811628
1.7726401777354132e+18,1.698413330078125,-0.0518865585327148,0.0228267796337604,0.0154882110655307,0.0003994738217443,0.0010652635246515,0.0
1.772640177755404e+18,1.718404052734375,-0.0327224731445312,0.0036957673728466,0.0053180679678916,0.00093210558407,-0.0002663158811628,-0.0013315794058144
1.7726401777753946e+18,1.73839453125,-0.0566778182983398,-0.0203163586556911,0.0196415409445762,0.0001331579405814,-0.0005326317623257,0.0
1.772640177795385e+18,1.758385009765625,-0.0518875122070312,-0.0107986591756343,0.000594075769186,-0.0011984214652329,0.0,-0.0010652635246515
1.7726401778153756e+18,1.778375732421875,-0.0518884658813476,-0.0013909079134464,-0.0232302509248256,-0.0001331579405814,0.0,0.0010652635246515
1.7726401778353664e+18,1.798366455078125,-0.0608730316162109,-0.0062477327883243,0.001544814556837,0.0003994738217443,-0.0002663158811628,0.0015978952869772
1.772640177855357e+18,1.81835693359375,-0.0471000671386718,0.0031567327678203,0.0256521627306938,0.0003994738217443,0.0005326317623257,-0.0005326317623257
1.7726401778953382e+18,1.858338134765625,-0.0608730316162109,0.0129562653601169,-0.0076621323823928,0.00093210558407,0.0005326317623257,-0.0005326317623257
1.7726401779153288e+18,1.878328857421875,-0.0608739852905273,0.0080371461808681,0.0067182071506977,0.0003994738217443,0.0010652635246515,0.0007989476434886
1.7726401779353193e+18,1.8983193359375,-0.0704565048217773,0.0128020085394382,0.0115144439041614,0.00093210558407,0.0007989476434886,-0.0013315794058144
1.77264017795531e+18,1.91831005859375,-0.0327272415161132,0.01277557015419,0.0065750367939472,-0.0006657897029072,0.0005326317623257,0.0
1.7726401779753006e+18,1.938300537109375,-0.0423097610473632,-0.0111900344491004,-0.0079368539154529,0.0006657897029072,0.0,-0.0010652635246515
1.7726401779952911e+18,1.958291015625,-0.0566825866699218,-0.0063616074621677,-0.0029238276183605,0.0001331579405814,0.0,0.0
1.7726401780152817e+18,1.97828173828125,-0.0471010208129882,0.0270867571234703,0.0115062743425369,0.0001331579405814,-0.0007989476434886,-0.0002663158811628
1.7726401780352724e+18,1.9982724609375,-0.0518913269042968,0.0176297947764396,0.0075254552066326,0.0001331579405814,-0.0007989476434886,-0.0002663158811628
1.772640178055263e+18,2.018262939453125,-0.0566835403442382,-0.0062882862985134,-0.0019981451332569,-0.0001331579405814,0.0010652635246515,-0.0015978952869772
1.7726401780752535e+18,2.03825341796875,-0.0279388427734375,-0.0064094401895999,-0.0067291371524333,0.0003994738217443,0.0002663158811628,0.0
1.7726401780952443e+18,2.058244384765625,-0.0752487182617187,0.0032023228704929,-0.0017238557338714,-0.0006657897029072,0.0010652635246515,-0.00093210558407
1.7726401781152348e+18,2.07823486328125,-0.0704584121704101,0.0081235393881797,-0.0161339789628982,-0.0001331579405814,0.0002663158811628,0.0006657897029072
1.7726401781352253e+18,2.098225341796875,-0.0518922805786132,0.0130413025617599,0.0079233199357986,0.0006657897029072,0.0002663158811628,-0.0011984214652329
1.772640178155216e+18,2.1182158203125,-0.0566825866699218,0.0226907171308994,0.0030816458165645,-0.0001331579405814,0.0010652635246515,0.0001331579405814
1.7726401781752067e+18,2.13820654296875,-0.0752468109130859,0.0035558715462684,-0.0012627020478248,-0.0006657897029072,-0.0002663158811628,-0.0006657897029072
1.7726401782151867e+18,2.178186767578125,-0.0752458572387695,0.0087736286222934,-0.001048095524311,-0.0006657897029072,0.0005326317623257,-0.0003994738217443
1.7726401782351762e+18,2.19817626953125,-0.0470991134643554,-0.0007837601006031,-0.0069763697683811,-0.0003994738217443,-0.0002663158811628,-0.0003994738217443
1.7726401782551657e+18,2.218165771484375,-0.0656642913818359,0.00409647077322,0.0025568716228008,-0.0001331579405814,-0.0007989476434886,-0.0006657897029072
1.7726401782751555e+18,2.238155517578125,-0.047098159790039,-0.0007137805223464,-0.0116978287696838,0.0001331579405814,0.0,-0.0001331579405814
1.772640178295145e+18,2.25814501953125,-0.0518884658813476,-0.0197264999151229,0.0026240460574626,-0.0001331579405814,0.0007989476434886,-0.0003994738217443
1.7726401783151345e+18,2.278134521484375,-0.0608720779418945,-0.0149966478347778,0.007412664592266,-0.0003994738217443,-0.0007989476434886,0.0006657897029072
1.7726401783351242e+18,2.298124267578125,-0.0656642913818359,-0.0055362768471241,-0.002008780837059,0.0001331579405814,0.0005326317623257,0.0006657897029072
1.7726401783551137e+18,2.31811376953125,-0.0656642913818359,0.0136484093964099,-0.0212563760578632,-0.0006657897029072,-0.0002663158811628,-0.00093210558407
1.7726401783751032e+18,2.338103271484375,-0.0566816329956054,0.0184050388634204,0.0026492923498153,0.0003994738217443,0.0,-0.0006657897029072
1.772640178395093e+18,2.358093017578125,-0.0566816329956054,-0.0104046091437339,-0.0212839692831039,0.0006657897029072,0.0007989476434886,-0.0019973691087216
1.7726401784150825e+18,2.37808251953125,-0.0566816329956054,-0.0007379539310932,-0.0165798626840114,-0.0001331579405814,-0.0005326317623257,-0.0003994738217443
1.772640178435072e+18,2.398072021484375,-0.0704565048217773,-0.0009139664471149,-0.0068835951387882,0.0001331579405814,-0.0002663158811628,0.0011984214652329
1.7726401784550618e+18,2.418061767578125,-0.0800380706787109,-0.015293899923563,-0.0020342990756034,0.0003994738217443,0.0,0.0001331579405814
1.7726401784750513e+18,2.43805126953125,-0.0518922805786132,0.0133155025541782,0.00759694352746,-0.0003994738217443,-0.0005326317623257,-0.0001331579405814
1.7726401784950408e+18,2.458040771484375,-0.0608758926391601,0.0133364163339138,-0.0064526535570621,0.00093210558407,0.0005326317623257,0.0001331579405814
1.77264017853502e+18,2.49802001953125,-0.0656671524047851,0.0036074891686439,-0.0065019652247428,0.0001331579405814,0.0002663158811628,0.0003994738217443
1.7726401785550095e+18,2.518009521484375,-0.0608768463134765,0.008318331092596,-0.0064406469464302,0.0006657897029072,0.0002663158811628,-0.0006657897029072
1.7726401785749993e+18,2.537999267578125,-0.047102928161621,0.003556128591299,0.0171131007373332,-0.0001331579405814,0.0015978952869772,0.0003994738217443
1.7726401786149783e+18,2.577978271484375,-0.0566844940185546,0.0083442889153957,-0.0168198682367801,-0.0001331579405814,-0.0005326317623257,0.0001331579405814
1.7726401786349678e+18,2.5979677734375,-0.047102928161621,0.0130509324371814,-0.0068622063845396,0.0003994738217443,0.0002663158811628,-0.0006657897029072
1.7726401786549576e+18,2.61795751953125,-0.0560884475708007,-0.0062319822609424,0.0077164694666862,-0.0001331579405814,0.0010652635246515,-0.0001331579405814
1.772640178674947e+18,2.637947021484375,-0.0704612731933593,-0.0157669484615325,-0.0064890757203102,0.0003994738217443,-0.0007989476434886,0.0001331579405814
1.7726401786949368e+18,2.657936767578125,-0.0656709671020507,0.0082123763859272,-0.015947638079524,0.0003994738217443,0.0018642111681401,-0.0001331579405814
1.7726401787149274e+18,2.67792724609375,-0.0608806610107421,0.0128663182258605,-0.0159293636679649,0.0006657897029072,0.0010652635246515,-0.0001331579405814
1.772640178734918e+18,2.69791796875,-0.0656700134277343,0.0083614252507686,-0.0104201659560203,-0.0001331579405814,0.0007989476434886,0.0006657897029072
1.7726401787549087e+18,2.71790869140625,-0.0656700134277343,0.0035471953451633,0.0087920296937227,-0.0001331579405814,0.0005326317623257,0.0001331579405814
1.7726401787748992e+18,2.737899169921875,-0.0375242233276367,0.0034183114767074,-0.0057814884930849,0.0006657897029072,0.0,-0.0006657897029072
1.77264017879489e+18,2.757889892578125,-0.0608787536621093,-0.0061700083315372,-0.0150584131479263,-0.0014647373463958,0.0005326317623257,0.0011984214652329
1.7726401788148805e+18,2.777880615234375,-0.0608787536621093,-0.0110744722187519,-0.0005237106233835,0.0001331579405814,0.0002663158811628,0.0003994738217443
1.7726401788548618e+18,2.81786181640625,-0.0518960952758789,-0.006115335971117,-0.0149166546761989,0.0006657897029072,-0.0010652635246515,-0.0014647373463958
1.7726401788748524e+18,2.837852294921875,-0.0518980026245117,0.0081766098737716,-0.0002789460122585,0.0001331579405814,-0.0010652635246515,-0.0001331579405814
1.7726401789148337e+18,2.877833740234375,-0.0566892623901367,-0.006180927157402,-0.0044570174068212,0.0001331579405814,0.0002663158811628,0.0006657897029072
1.7726401789348242e+18,2.89782421875,-0.0704622268676757,-0.0110855177044868,-0.0058019328862428,-0.0006657897029072,0.0013315794058144,0.0001331579405814
1.772640178954815e+18,2.91781494140625,-0.0608797073364257,0.0082067362964153,0.0039370954036712,0.0003994738217443,0.0013315794058144,-0.0006657897029072
1.7726401789748055e+18,2.937805419921875,-0.0566883087158203,-0.0060755871236324,-0.000848801806569,0.0001331579405814,0.0007989476434886,-0.0001331579405814
1.772640178994796e+18,2.957796142578125,-0.0656709671020507,-0.0110842548310756,-0.0010527055710554,0.0006657897029072,-0.0007989476434886,-0.0003994738217443
1.7726401790147868e+18,2.977786865234375,-0.0423154830932617,-0.0014160983264446,0.0037915352731943,-0.0006657897029072,0.0007989476434886,0.0003994738217443
1.7726401790347773e+18,2.99777734375,-0.0471048355102539,-0.0013302341103553,-0.0153518486768007,-0.0003994738217443,0.0,0.0001331579405814
1.772640179054768e+18,3.01776806640625,-0.0608797073364257,0.0082226321101188,-0.0201179906725883,0.0011984214652329,-0.0010652635246515,-0.0001331579405814
1.7726401790747587e+18,3.037758544921875,-0.0608806610107421,-0.0014819018542766,-0.0104159452021121,-0.0003994738217443,0.0002663158811628,0.00093210558407
1.7726401790947492e+18,3.057749267578125,-0.0566902160644531,-0.0015000663697719,-0.0005154479295015,-0.0003994738217443,0.0,0.0003994738217443
1.77264017911474e+18,3.077739990234375,-0.0566873550415039,0.0035281367599964,-0.0103432368487119,0.0001331579405814,0.0,-0.0003994738217443
1.7726401791347305e+18,3.09773046875,-0.0704622268676757,0.003452330827713,-0.0013021472841501,0.0006657897029072,0.0005326317623257,0.0006657897029072
1.7726401791547213e+18,3.11772119140625,-0.0752515792846679,-0.0107723027467727,0.0034888982772827,0.0001331579405814,0.0015978952869772,0.0006657897029072
1.7726401791747118e+18,3.1377119140625,-0.0608797073364257,-0.0010448507964611,-0.015444191172719,-0.0011984214652329,-0.0013315794058144,0.0001331579405814
1.772640179214694e+18,3.17769384765625,-0.0560884475708007,0.013213999569416,0.0076917335391044,0.0003994738217443,0.0002663158811628,0.0003994738217443
1.7726401792346854e+18,3.197685546875,-0.0752515792846679,0.0036079101264476,-0.0402735248208045,-0.0006657897029072,0.0,-0.0001331579405814
1.7726401792546772e+18,3.21767724609375,-0.0704603195190429,0.0037405602633953,-0.0116670541465282,-0.0003994738217443,0.0007989476434886,-0.0001331579405814
1.7726401792746688e+18,3.237668701171875,-0.0704612731933593,-0.0201072581112384,0.0077009126543998,0.0001331579405814,-0.0013315794058144,-0.0001331579405814
1.7726401792946606e+18,3.25766064453125,-0.0656700134277343,-0.0056952387094497,-0.0017696525901556,0.0001331579405814,-0.0005326317623257,-0.0001331579405814
1.7726401793146522e+18,3.277652099609375,-0.0327320098876953,0.0134331174194812,-0.0112300887703895,-0.0006657897029072,-0.0007989476434886,0.0003994738217443
1.7726401793346437e+18,3.297643798828125,-0.0471048355102539,-0.0104254074394702,-0.0105104707181453,-0.0003994738217443,0.0010652635246515,-0.0001331579405814
1.7726401793546355e+18,3.317635498046875,-0.0608787536621093,-0.0057528018951416,0.0038613770157098,-0.0001331579405814,0.0005326317623257,0.00093210558407
1.772640179374627e+18,3.337626953125,-0.0608806610107421,0.0036481581628322,0.0085942279547452,0.0001331579405814,0.0005326317623257,0.0001331579405814
1.772640179394619e+18,3.357618896484375,-0.0518980026245117,-0.0011095181107521,0.0040636826306581,-0.0003994738217443,0.0005326317623257,0.0001331579405814
1.7726401794146104e+18,3.3776103515625,-0.0560903549194335,-0.0058091171085834,-0.0055073555558919,0.0006657897029072,0.0,-0.0006657897029072
1.772640179434602e+18,3.39760205078125,-0.0608806610107421,-0.0057702846825122,-0.000555133447051,0.00093210558407,-0.0002663158811628,0.0001331579405814
1.7726401794545938e+18,3.41759375,-0.0608806610107421,0.0181952491402626,-0.0100684762001037,-0.0001331579405814,0.0013315794058144,-0.0001331579405814
1.7726401794745853e+18,3.43758544921875,-0.0566892623901367,0.003693301230669,-0.0102090612053871,-0.0003994738217443,0.0,0.0003994738217443
1.772640179494577e+18,3.457576904296875,-0.0608806610107421,0.0085579380393028,-0.0197116788476705,-0.0001331579405814,0.0007989476434886,-0.0001331579405814
1.7726401795145687e+18,3.477568603515625,-0.0471067428588867,-0.0011476315557956,-0.0150036327540874,-0.0001331579405814,0.0002663158811628,0.0003994738217443
1.7726401795345603e+18,3.497560302734375,-0.0896272659301757,-0.0010619051754474,-0.0049418322741985,0.0006657897029072,-0.0007989476434886,-0.0001331579405814
1.772640179554552e+18,3.517552001953125,-0.0471086502075195,-0.0010808631777763,-0.0096648260951042,-0.0003994738217443,0.0002663158811628,-0.0006657897029072
1.7726401795745436e+18,3.537543701171875,-0.0471096038818359,0.0133599825203418,-0.0142252389341592,-0.0003994738217443,0.0023968429304659,-0.0001331579405814
1.7726401795945352e+18,3.55753515625,-0.0656747817993164,0.0037010982632637,-0.0094187594950199,0.0001331579405814,0.0002663158811628,-0.0001331579405814
1.772640179614527e+18,3.57752685546875,-0.0471096038818359,-0.0108345374464988,-0.0096105933189392,-0.0003994738217443,0.0010652635246515,0.0001331579405814
1.7726401796345185e+18,3.5975185546875,-0.0608844757080078,0.0177639573812484,-0.0143804568797349,0.0003994738217443,0.0,-0.0001331579405814
1.7726401796545103e+18,3.61751025390625,-0.0656757354736328,0.0082039944827556,-0.014306167140603,0.00093210558407,-0.0010652635246515,0.0011984214652329
1.772640179674502e+18,3.637501953125,-0.0560932159423828,-0.0107575878500938,-0.024452244862914,0.0006657897029072,0.0,-0.00093210558407
1.7726401796944934e+18,3.657493408203125,-0.0471115112304687,-0.0014546103775501,-0.0146379619836807,-0.0001331579405814,0.0002663158811628,0.0001331579405814
1.7726401797344742e+18,3.69747412109375,-0.0608854293823242,0.0032938569784164,-0.0146046541631221,-0.00093210558407,0.0,-0.0001331579405814
1.7726401797544645e+18,3.717464599609375,-0.0519027709960937,-0.0015153661370277,-0.0236578769981861,0.0014647373463958,0.0010652635246515,0.00093210558407
1.772640179774455e+18,3.737455078125,-0.0560941696166992,0.0033028684556484,-0.014322955161333,0.0006657897029072,-0.0002663158811628,-0.0003994738217443
1.7726401798144356e+18,3.777435546875,-0.0471105575561523,0.0033475756645202,-0.00963981077075,0.0001331579405814,-0.0005326317623257,-0.0001331579405814
1.772640179834426e+18,3.797426025390625,-0.0471105575561523,0.0082096457481384,-0.0048202145844697,-0.0001331579405814,-0.0013315794058144,0.0001331579405814
1.7726401798544164e+18,3.81741650390625,-0.0752582550048828,-0.006177045404911,0.0052999388426542,-0.0001331579405814,-0.0006657897029072,0.0001331579405814
1.7726401798744067e+18,3.83740673828125,-0.0560951232910156,-0.0013029053807258,0.0053144730627536,-0.0003994738217443,0.0001331579405814,0.0001331579405814
1.7726401798943972e+18,3.857397216796875,-0.0560941696166992,0.0034082904458045,-0.0044488813728094,0.0001331579405814,0.0027963167522102,0.00093210558407
1.7726401799143875e+18,3.877387451171875,-0.0423202514648437,0.003380998969078,-0.0141465198248624,-0.0003994738217443,0.0001331579405814,-0.0006657897029072
1.7726401799343777e+18,3.897377685546875,-0.0471096038818359,-0.0013263076543807,9.18973237276e-05,0.0003994738217443,-0.00093210558407,-0.0006657897029072
1.7726401799543683e+18,3.9173681640625,-0.0608835220336914,0.0082741603255271,0.0045855920761823,0.0001331579405814,-0.0006657897029072,-0.0001331579405814
1.7726401799743585e+18,3.937358642578125,-0.0704660415649414,-0.0205708965659141,-0.0193734336644411,-0.0003994738217443,-0.0006657897029072,0.0001331579405814
1.7726401799943488e+18,3.957348876953125,-0.0608844757080078,-0.001584243029356,-0.0051803849637508,-0.0001331579405814,-0.0014647373463958,0.0001331579405814
1.772640180014339e+18,3.977339111328125,-0.0560932159423828,0.0033369176089763,-0.0004699695855379,0.0006657897029072,-0.0001331579405814,-0.0003994738217443
1.7726401800343296e+18,3.99732958984375,-0.070465087890625,0.0034145526587963,-0.0100675672292709,0.00093210558407,-0.00093210558407,-0.0001331579405814
1.7726401800543199e+18,4.01731982421875,-0.0656747817993164,0.0033352598547935,-0.0101357959210872,-0.0006657897029072,-0.0003994738217443,0.0011984214652329
1.7726401800743101e+18,4.03731005859375,-0.0608835220336914,-0.010992657393217,-0.0053673610091209,-0.0003994738217443,-0.0001331579405814,0.0006657897029072
1.7726401800943007e+18,4.05730078125,-0.0608816146850585,-0.0061636976897716,0.0179852843284606,0.0003994738217443,-0.0003994738217443,0.0001331579405814
1.772640180114291e+18,4.077291015625,-0.0518989562988281,0.0082271993160247,0.0129371732473373,-0.0001331579405814,-0.0001331579405814,0.0001331579405814
1.7726401801342812e+18,4.09728125,-0.05609130859375,0.0033567771315574,0.0087029039859771,-0.0001331579405814,0.0001331579405814,-0.0003994738217443
1.7726401801542717e+18,4.117271728515625,-0.0848360061645507,0.0084266923367977,-0.0055878888815641,-0.0001331579405814,-0.0011984214652329,-0.0001331579405814
1.772640180174262e+18,4.137261962890625,-0.0704641342163086,0.0131762437522411,-0.0054539926350116,0.0003994738217443,-0.0001331579405814,0.0001331579405814
1.7726401801942523e+18,4.157252197265625,-0.0423164367675781,0.0133437551558017,-0.0197762288153171,-0.0014647373463958,0.0003994738217443,-0.0001331579405814
1.7726401802142433e+18,4.177243408203125,-0.0375261306762695,0.0180336721241474,-0.0052176173776388,0.0001331579405814,0.0006657897029072,-0.0003994738217443
1.772640180234234e+18,4.197234130859375,-0.07525634765625,0.008365299552679,-0.0289517231285572,-0.00093210558407,0.0001331579405814,0.0003994738217443
1.7726401802542252e+18,4.21722509765625,-0.07525634765625,0.0082796923816204,-0.0146906580775976,0.0003994738217443,0.00093210558407,-0.0006657897029072
1.772640180274216e+18,4.2372158203125,-0.0656728744506836,-0.0058458670973777,0.0044891610741615,0.0003994738217443,0.00093210558407,0.0003994738217443
1.772640180294207e+18,4.25720703125,-0.0518989562988281,0.0085436776280403,-0.0099002867937088,0.0003994738217443,-0.0006657897029072,0.0017310532275587
1.7726401803141978e+18,4.27719775390625,-0.0471076965332031,0.0085088796913623,-0.0049750693142414,-0.0011984214652329,0.0001331579405814,0.0003994738217443
1.7726401803341888e+18,4.297188720703125,-0.0752544403076171,0.02293037250638,0.0140338838100433,-0.0001331579405814,-0.0001331579405814,-0.00093210558407
1.7726401803541796e+18,4.3171796875,-0.0656719207763671,-0.000888854265213,0.0179606657475233,0.0001331579405814,0.0006657897029072,0.0003994738217443
1.7726401803741704e+18,4.33717041015625,-0.0471048355102539,-0.0054327584803104,0.0085458755493164,-0.0003994738217443,-0.0006657897029072,0.0003994738217443
1.7726401803941614e+18,4.357161376953125,-0.0560884475708007,-0.0054470226168632,0.013235293328762,-0.0006657897029072,-0.0011984214652329,0.0001331579405814
1.7726401804141522e+18,4.377152099609375,-0.0752515792846679,-0.0100367851555347,-0.011227736249566,-0.0011984214652329,0.00093210558407,0.00093210558407
1.7726401804341432e+18,4.397143310546875,-0.0608768463134765,0.0141880474984645,0.0079469829797744,0.0001331579405814,-0.0003994738217443,0.0003994738217443
1.772640180454134e+18,4.417134033203125,-0.0656681060791015,-0.0001026280224323,-0.020745450630784,-0.00093210558407,0.0003994738217443,-0.0003994738217443
1.772640180474125e+18,4.437125,-0.0560855865478515,0.0048669576644897,-0.011177435517311,-0.0014647373463958,0.0001331579405814,0.0006657897029072
1.7726401804941158e+18,4.45711572265625,-0.0704574584960937,0.0193973369896411,-0.0017268825322389,-0.0003994738217443,0.0001331579405814,0.0001331579405814
1.7726401805340977e+18,4.49709765625,-0.0656642913818359,-0.0041936747729778,0.0175012815743684,-0.00093210558407,-0.0001331579405814,-0.0006657897029072
1.7726401805540887e+18,4.517088623046875,-0.0608730316162109,0.0056186653673648,0.0039007123559713,-0.00093210558407,-0.0006657897029072,0.0006657897029072
1.7726401805740795e+18,4.53707958984375,-0.0608730316162109,0.0008557401597499,-0.0055467803031206,-0.0011984214652329,0.0006657897029072,-0.0001331579405814
1.7726401805940705e+18,4.557070556640625,-0.0656642913818359,0.005719631910324,0.0088863465934991,-0.0011984214652329,0.00093210558407,0.0006657897029072
1.7726401806340524e+18,4.59705224609375,-0.0704536437988281,0.015506774187088,0.003896489739418,-0.0001331579405814,0.0006657897029072,-0.0006657897029072
1.7726401806740342e+18,4.6370341796875,-0.0656614303588867,0.0060035437345504,-0.0010698344558477,-0.0003994738217443,0.0003994738217443,-0.0003994738217443
1.772640180694025e+18,4.65702490234375,-0.0656595230102539,0.0062843486666679,-0.0011507924646139,-0.0006657897029072,0.0001331579405814,-0.0003994738217443
1.7726401807340083e+18,4.69700830078125,-0.0656595230102539,0.0063538514077663,-0.0010812748223543,-0.0003994738217443,0.0006657897029072,0.0003994738217443
1.7726401807540001e+18,4.717000244140625,-0.0656595230102539,0.0207821726799011,-0.0255811735987663,-0.0014647373463958,-0.0003994738217443,-0.0003994738217443
1.7726401807739917e+18,4.73699169921875,-0.0848236083984375,0.0351739078760147,0.0030326824635267,-0.0001331579405814,0.0003994738217443,0.0001331579405814
1.7726401807939835e+18,4.7569833984375,-0.0656585693359375,0.0063436068594455,-0.0019937828183174,-0.0003994738217443,0.0006657897029072,-0.0011984214652329
1.7726401808339668e+18,4.796966796875,-0.056075096130371,0.0018741600215435,0.0026147309690713,-0.0003994738217443,-0.0011984214652329,-0.0001331579405814
1.7726401808539584e+18,4.81695849609375,-0.0656566619873046,-0.0028304532170295,-0.0069343354552984,0.0003994738217443,-0.0011984214652329,0.0003994738217443
1.7726401808739502e+18,4.8369501953125,-0.0470924377441406,0.0019351951777935,0.0028746742755174,-0.0003994738217443,-0.0001331579405814,-0.0014647373463958
1.772640180893942e+18,4.85694189453125,-0.0518827438354492,0.0163636729121208,0.0221296194940805,-0.0003994738217443,0.0001331579405814,-0.0003994738217443
1.7726401809339254e+18,4.89692529296875,-0.0656547546386718,-0.0070533193647861,-0.0121177434921264,0.0001331579405814,0.0011984214652329,0.0006657897029072
1.772640180953917e+18,4.9169169921875,-0.075235366821289,-0.0070565305650234,-0.0209991484880447,-0.0003994738217443,0.0006657897029072,0.0003994738217443
1.7726401809939005e+18,4.956900634765625,-0.0327167510986328,0.0023374110460281,0.0028942301869392,-0.0011984214652329,-0.00093210558407,-0.0001331579405814
1.772640181013892e+18,4.97689208984375,-0.0608644485473632,0.0021544620394706,0.0027546752244234,-0.0003994738217443,0.0003994738217443,0.0003994738217443
1.772640181033884e+18,4.9968837890625,-0.0704479217529296,-0.0026020742952823,-0.011315818876028,0.0006657897029072,-0.0001331579405814,0.0003994738217443
1.7726401810538755e+18,5.01687548828125,-0.0560741424560546,-0.0024641826748847,-0.0112234503030776,0.00093210558407,-0.0006657897029072,-0.0003994738217443
1.7726401810738673e+18,5.0368671875,-0.0752382278442382,-0.0073698312044143,-0.0160182155668735,-0.0001331579405814,0.0014647373463958,0.0003994738217443
1.7726401810938588e+18,5.05685888671875,-0.0423011779785156,0.0119082294404506,-0.0111340712755918,-0.0006657897029072,0.0003994738217443,-0.0006657897029072
1.7726401811338424e+18,5.096842529296875,-0.060866355895996,0.0214175991714,0.0035493206232786,0.0006657897029072,-0.0001331579405814,-0.0003994738217443
1.772640181153834e+18,5.116833984375,-0.060866355895996,0.0021758191287517,0.0035660285502672,-0.0006657897029072,0.0003994738217443,0.0001331579405814
1.7726401811738258e+18,5.13682568359375,-0.0560760498046875,0.007036555558443,-0.0053861960768699,-0.0003994738217443,0.0014647373463958,-0.0006657897029072
1.7726401811938173e+18,5.1568173828125,-0.056075096130371,0.0120460614562034,-0.0149720329791307,0.0003994738217443,0.0001331579405814,0.0006657897029072
1.7726401812337981e+18,5.196798095703125,-0.0752382278442382,0.021550990641117,0.0088651645928621,-0.0003994738217443,0.0001331579405814,-0.0003994738217443
1.7726401812737787e+18,5.23677880859375,-0.0704460144042968,-0.0021794661879539,0.00407649949193,-0.0011984214652329,-0.0001331579405814,0.0006657897029072
1.7726401813137592e+18,5.27675927734375,-0.0423002243041992,0.0025658719241619,-0.0007796417921781,0.0001331579405814,-0.0003994738217443,0.00093210558407
1.7726401813337495e+18,5.29674951171875,-0.0608634948730468,0.0170955546200275,-0.0056430306285619,-0.0017310532275587,0.0001331579405814,-0.0001331579405814
1.77264018135374e+18,5.316739990234375,-0.0518817901611328,0.0122086703777313,-0.0251307841390371,0.0003994738217443,-0.0001331579405814,0.0003994738217443
1.7726401813737303e+18,5.336730224609375,-0.0470895767211914,0.0075901187956333,-0.0157615151256322,-0.00093210558407,-0.0003994738217443,0.0001331579405814
1.7726401813937206e+18,5.356720458984375,-0.0470895767211914,0.0218495428562164,-0.0159210488200187,0.0003994738217443,0.0011984214652329,0.0001331579405814
1.7726401814137108e+18,5.3767109375,-0.0608634948730468,0.0074935294687747,0.0176593177020549,-0.00093210558407,-0.0011984214652329,-0.0011984214652329
1.772640181433701e+18,5.396701171875,-0.0518798828125,-0.0067329183220863,0.0128163453191518,0.0003994738217443,-0.00093210558407,-0.0006657897029072
1.7726401814536916e+18,5.416691650390625,-0.0470895767211914,-0.0020124576985836,-0.0109391212463378,-0.0001331579405814,0.0003994738217443,0.0003994738217443
1.772640181473682e+18,5.436681884765625,-0.0656538009643554,0.0075852908194065,-0.001437984406948,-0.0006657897029072,-0.0001331579405814,0.0006657897029072
1.7726401814936722e+18,5.456672119140625,-0.0656547546386718,0.0121749900281429,0.0080984123051166,0.0003994738217443,0.00093210558407,0.0011984214652329
1.7726401815136625e+18,5.476662353515625,-0.0704469680786132,-0.00221648812294,-0.0012507550418376,-0.0001331579405814,-0.0003994738217443,-0.00093210558407
1.7726401815336527e+18,5.49665283203125,-0.0470914840698242,0.0169208124279975,0.0084457006305456,0.00093210558407,-0.0001331579405814,-0.00093210558407
1.772640181553643e+18,5.51664306640625,-0.0518827438354492,0.0311628021299839,0.0036232694983482,0.0001331579405814,0.0011984214652329,-0.0003994738217443
1.7726401815936238e+18,5.556623779296875,-0.0608644485473632,0.0025353208184242,0.0034800786525011,0.0001331579405814,0.0006657897029072,0.00093210558407
1.772640181613614e+18,5.576614013671875,-0.0704460144042968,0.0168534964323043,0.0031854324042797,0.0003994738217443,-0.0001331579405814,0.00093210558407
1.7726401816535946e+18,5.6165947265625,-0.0518836975097656,0.021249771118164,-0.0063743460923433,-0.0003994738217443,-0.0003994738217443,-0.0006657897029072
1.772640181673585e+18,5.6365849609375,-0.0608673095703125,0.0019022971391677,-0.006336934864521,0.0001331579405814,-0.0014647373463958,-0.0017310532275587
1.7726401816935754e+18,5.656575439453125,-0.0656585693359375,0.0066054761409759,-0.0015695020556449,0.00093210558407,0.0001331579405814,0.0001331579405814
1.7726401817335575e+18,5.6965576171875,-0.0560760498046875,0.0065691657364368,-0.0162836760282516,0.0006657897029072,-0.0001331579405814,-0.0014647373463958
1.7726401817535485e+18,5.716548583984375,-0.042302131652832,0.0018560625612735,-0.011392805725336,0.00093210558407,0.0001331579405814,-0.0003994738217443
1.7726401817735396e+18,5.73653955078125,-0.0423030853271484,0.0064550638198852,0.0268074814230203,0.0003994738217443,-0.0001331579405814,-0.0003994738217443
1.772640181793531e+18,5.75653076171875,-0.051884651184082,0.0113059841096401,0.0029775854200124,-0.0001331579405814,-0.0003994738217443,-0.0003994738217443
1.772640181813522e+18,5.77652197265625,-0.056075096130371,-0.0075026974081993,0.0027359444648027,-0.0003994738217443,0.0003994738217443,0.0003994738217443
1.772640181833513e+18,5.796512939453125,-0.0518827438354492,0.0067820735275745,-0.0115368478000164,0.00093210558407,-0.0003994738217443,0.0001331579405814
1.7726401818535043e+18,5.816504150390625,-0.037510871887207,-0.0029227472841739,-0.0066555496305227,-0.0003994738217443,0.0006657897029072,-0.0003994738217443
1.7726401818734953e+18,5.836495361328125,-0.060866355895996,-0.0077223069965839,-0.0066686775535345,-0.0017310532275587,-0.0011984214652329,-0.0017310532275587
1.7726401818934863e+18,5.856486328125,-0.060866355895996,-0.0029546543955802,-0.0162518918514251,0.0003994738217443,0.0003994738217443,0.0001331579405814
1.7726401819134776e+18,5.8764775390625,-0.0470924377441406,0.0017114654183387,-0.0115627739578485,0.0006657897029072,0.0003994738217443,-0.0006657897029072
1.7726401819334687e+18,5.89646875,-0.0608673095703125,0.0016332902014255,0.0077178962528705,0.0001331579405814,-0.0001331579405814,0.0003994738217443
1.7726401819534597e+18,5.916459716796875,-0.0608682632446289,0.0015025064349174,-0.0113985892385244,-0.0001331579405814,0.0001331579405814,0.0006657897029072
1.772640181973451e+18,5.936450927734375,-0.0375137329101562,0.0014235489070415,-0.0017356853932142,0.00093210558407,-0.00093210558407,0.0003994738217443
1.772640181993442e+18,5.956442138671875,-0.0560789108276367,-0.0130001530051231,-0.0065400749444961,0.0003994738217443,0.0006657897029072,0.0006657897029072
1.772640182013433e+18,5.97643310546875,-0.0656604766845703,0.006076592952013,-0.0113356281071901,0.0006657897029072,0.0001331579405814,-0.0003994738217443
1.7726401820534154e+18,6.01641552734375,-0.0704517364501953,-0.0083746388554573,0.003068970516324,0.0003994738217443,0.0003994738217443,-0.00093210558407
1.7726401820734065e+18,6.036406494140625,-0.0518884658813476,-0.0084343068301677,-0.0015364699065685,0.0003994738217443,-0.0001331579405814,0.0001331579405814
1.7726401820933978e+18,6.056397705078125,-0.0656633377075195,0.0057999975979328,-0.0013505965471267,0.0003994738217443,-0.0001331579405814,-0.0001331579405814
1.7726401821133888e+18,6.076388916015625,-0.0656633377075195,0.020059235394001,-0.0015818383544683,0.0001331579405814,0.0003994738217443,-0.0001331579405814
1.7726401821333798e+18,6.0963798828125,-0.0608711242675781,0.0058085285127162,-0.0017091315239667,0.0003994738217443,0.00093210558407,-0.0003994738217443
1.7726401821733622e+18,6.136362060546875,-0.0518903732299804,0.0056641139090061,-0.0009052194654941,0.0006657897029072,0.00093210558407,0.0003994738217443
1.7726401821933532e+18,6.156353271484375,-0.0423078536987304,0.0201250165700912,0.0188925862312316,0.0003994738217443,-0.0011984214652329,0.0006657897029072
1.7726401822333353e+18,6.196335205078125,-0.0656642913818359,-0.0040300898253917,0.004536934196949,-0.0006657897029072,-0.0006657897029072,-0.0001331579405814
1.7726401822533266e+18,6.21632666015625,-0.0518913269042968,0.0053089745342731,0.0043454486876726,0.0001331579405814,0.00093210558407,0.0001331579405814
1.7726401822733176e+18,6.236317626953125,-0.0375185012817382,0.0148846581578254,-0.005154114216566,-0.0003994738217443,-0.0001331579405814,-0.0003994738217443
1.7726401823132997e+18,6.2762998046875,-0.0704584121704101,-0.004441387951374,0.0095802061259746,0.0006657897029072,0.0006657897029072,-0.0001331579405814
1.7726401823532818e+18,6.31628173828125,-0.051894187927246,0.0143821835517883,0.0032682567834854,0.0011984214652329,-0.00093210558407,-0.0003994738217443
1.7726401823932639e+18,6.356263916015625,-0.0518932342529296,-0.0094260387122631,-0.0014228988438844,-0.0006657897029072,0.0003994738217443,0.0001331579405814
1.772640182413255e+18,6.3762548828125,-0.0608768463134765,0.0095908045768737,-0.0109572038054466,0.0006657897029072,0.0011984214652329,-0.0003994738217443
1.772640182433246e+18,6.396245849609375,-0.0752506256103515,0.0189552083611488,0.0081644002348184,0.0006657897029072,-0.0014647373463958,0.0001331579405814
1.7726401824532372e+18,6.4162373046875,-0.051894187927246,-0.0096904896199703,0.0032359603792428,0.0001331579405814,0.0003994738217443,-0.0003994738217443
1.7726401824732283e+18,6.436228271484375,-0.0656681060791015,0.0045978426933288,-0.0111926887184381,0.0006657897029072,0.0001331579405814,-0.0003994738217443
1.7726401824932193e+18,6.45621923828125,-0.0848331451416015,0.0092423781752586,-0.0111969802528619,0.00093210558407,-0.0001331579405814,0.0001331579405814
1.7726401825132104e+18,6.47621044921875,-0.0704603195190429,-0.0098206549882888,-0.001481844112277,-0.0003994738217443,-0.0006657897029072,-0.0006657897029072
1.7726401825332014e+18,6.496201416015625,-0.047102928161621,-0.0046783126890659,-0.0014530047774314,0.0003994738217443,-0.0003994738217443,0.0001331579405814
1.7726401825731835e+18,6.53618359375,-0.0518932342529296,-0.004706222563982,0.0032950788736343,0.0006657897029072,-0.0001331579405814,-0.0006657897029072
1.7726401825931745e+18,6.556174560546875,-0.047102928161621,6.13257288932e-05,0.0035232976078987,-0.0003994738217443,0.0006657897029072,-0.0003994738217443
1.7726401826131656e+18,6.57616552734375,-0.0518960952758789,-0.004847664386034,0.0084277931600809,-0.0017310532275587,0.0001331579405814,-0.0003994738217443
1.7726401826331566e+18,6.596156494140625,-0.0518960952758789,-0.0049715638160705,-0.0105385035276412,-0.0001331579405814,-0.0011984214652329,-0.0001331579405814
1.772640182673139e+18,6.636138916015625,-0.0423173904418945,-0.005324013531208,0.013605648651719,0.0001331579405814,0.0011984214652329,0.0001331579405814
1.77264018269313e+18,6.6561298828125,-0.0608806610107421,0.0185699723660945,0.0085107777267694,0.0006657897029072,0.0006657897029072,-0.0001331579405814
1.7726401827131203e+18,6.676120361328125,-0.0752534866333007,0.0139300525188446,-0.0154452659189701,0.0006657897029072,0.0006657897029072,-0.00093210558407
1.7726401827331105e+18,6.696110595703125,-0.0752534866333007,-0.0051880963146686,-0.0201623681932687,0.00093210558407,0.0001331579405814,0.0003994738217443
1.7726401827531008e+18,6.716100830078125,-0.0608806610107421,0.0091899000108242,-0.0146687123924493,0.0001331579405814,-0.0014647373463958,0.0006657897029072
1.7726401827930816e+18,6.75608154296875,-0.0375242233276367,-0.0096868798136711,-0.0097325704991817,-0.0006657897029072,-0.0001331579405814,-0.0003994738217443
1.7726401828330621e+18,6.796062255859375,-0.0518999099731445,-0.0100051797926425,0.0004662238061428,-0.0003994738217443,0.0001331579405814,-0.0001331579405814
1.7726401828730427e+18,6.836042724609375,-0.0519008636474609,-0.0147914290428161,0.0102667156606912,0.0001331579405814,0.0003994738217443,0.0011984214652329
1.772640182893033e+18,6.856032958984375,-0.0608844757080078,0.0138033591210842,0.0103292409330606,-0.0006657897029072,0.0003994738217443,-0.0006657897029072
1.7726401829130235e+18,6.8760234375,-0.0608844757080078,0.0089645609259605,-0.008692106232047,0.00093210558407,0.0006657897029072,0.0003994738217443
1.7726401829330138e+18,6.896013671875,-0.0375289916992187,0.0041478462517261,-0.0038596726953983,0.0003994738217443,0.0006657897029072,-0.0001331579405814
1.772640182953004e+18,6.916004150390625,-0.0423212051391601,-0.0151124969124794,0.0009552650153636,0.0003994738217443,0.0006657897029072,-0.00093210558407
1.7726401829729943e+18,6.935994384765625,-0.0279483795166015,-0.0245621316134929,-0.013310981914401,-0.0001331579405814,0.00093210558407,0.0001331579405814
1.7726401829929846e+18,6.955984619140625,-0.0423202514648437,-0.000525414943695,-0.0085284635424613,0.0003994738217443,-0.0001331579405814,0.0006657897029072
1.7726401830129748e+18,6.975974853515625,-0.0704679489135742,0.0043894909322261,0.0014415513724088,0.0006657897029072,0.0001331579405814,-0.0003994738217443
1.7726401830529556e+18,7.01595556640625,-0.0471124649047851,0.0042098984122276,-0.002791391685605,-0.0003994738217443,0.0003994738217443,0.0001331579405814
1.772640183072946e+18,7.03594580078125,-0.0471124649047851,0.0040150359272956,-0.0124843530356884,-0.0003994738217443,-0.0001331579405814,-0.0003994738217443
1.7726401831129265e+18,7.075926513671875,-0.0423231124877929,0.0086017809808254,-0.0078011378645896,-0.0006657897029072,0.0019973691087216,-0.0006657897029072
1.7726401831329167e+18,7.095916748046875,-0.0519037246704101,0.0087165646255016,0.0015946514904499,0.0003994738217443,0.0006657897029072,-0.00093210558407
1.7726401831529073e+18,7.1159072265625,-0.0704689025878906,-0.0007825642824172,0.005254678428173,0.0006657897029072,-0.0011984214652329,-0.0003994738217443
1.7726401831728975e+18,7.1358974609375,-0.0375299453735351,-0.0103658139705657,-0.0141137801110744,0.0006657897029072,-0.00093210558407,-0.00093210558407
1.7726401831928878e+18,7.1558876953125,-0.0519027709960937,-0.0008579567074775,-0.0044966079294681,-0.0006657897029072,-0.00093210558407,-0.0001331579405814
1.7726401832128786e+18,7.175878662109375,-0.0327386856079101,-0.0007758662104606,-0.005267608910799,-0.0003994738217443,0.0003994738217443,-0.0003994738217443
1.7726401832328694e+18,7.195869384765625,-0.0375280380249023,0.0088620521128177,-0.0248807035386562,0.0001331579405814,-0.0011984214652329,0.0001331579405814
1.7726401832728512e+18,7.235851318359375,-0.0471076965332031,-0.0101923607289791,-0.0061012748628854,0.0003994738217443,0.0001331579405814,-0.0006657897029072
1.772640183292842e+18,7.255842041015625,-0.0560903549194335,0.0089612752199172,-0.0015955809503793,-0.0003994738217443,-0.00093210558407,-0.00093210558407
1.7726401833128328e+18,7.275832763671875,-0.0608816146850585,-0.010378148406744,-0.0018354821950197,-0.0003994738217443,-0.0017310532275587,-0.0003994738217443
1.7726401833528146e+18,7.315814697265625,-0.0518989562988281,0.0134315565228462,-0.0016068462282419,-0.0006657897029072,-0.0011984214652329,0.0003994738217443
1.7726401833927962e+18,7.355796142578125,-0.0375280380249023,0.0034959390759468,-0.0014792922884225,0.0,-0.0014647373463958,0.0002663158811628
1.772640183432778e+18,7.395778076171875,-0.0375251770019531,-0.0153034515678882,-0.020077334716916,0.0002663158811628,-0.00093210558407,-0.0002663158811628
1.7726401834527688e+18,7.415768798828125,-0.0423164367675781,-0.0104805752635002,-0.015280358493328,0.0013315794058144,-0.0006657897029072,0.0007989476434886
1.7726401834727596e+18,7.435759521484375,-0.0423164367675781,-0.0105014257133007,0.0230732057243585,0.0005326317623257,-0.0003994738217443,-0.0002663158811628
1.7726401834927506e+18,7.45575048828125,-0.0423173904418945,0.013380728662014,0.0133821088820695,-0.0005326317623257,-0.0006657897029072,-0.0005326317623257
1.7726401835127414e+18,7.475741455078125,-0.0656728744506836,0.008475624024868,-0.0155144240707159,0.0,-0.0001331579405814,0.0005326317623257
1.7726401835327322e+18,7.495732177734375,-0.0608806610107421,0.0036855675280094,-0.0059994868934154,0.0002663158811628,0.0003994738217443,-0.0005326317623257
1.7726401835527232e+18,7.51572314453125,-0.0423164367675781,0.013405330479145,-0.0053195506334304,0.0002663158811628,-0.0003994738217443,0.0
1.772640183572714e+18,7.5357138671875,-0.0518980026245117,0.0086548514664173,-0.0053280293941497,0.0005326317623257,-0.00093210558407,-0.0002663158811628
1.7726401835927048e+18,7.555704833984375,-0.0560903549194335,0.0084908008575439,-0.0151197351515293,0.0,-0.0003994738217443,0.0
1.7726401836326866e+18,7.5956865234375,-0.0518980026245117,0.0132622495293617,0.0042009223252534,-0.0005326317623257,0.0006657897029072,0.0
1.7726401836726682e+18,7.635668212890625,-0.0518980026245117,-0.005735658109188,0.0146549716591835,-0.0005326317623257,-0.0003994738217443,0.0002663158811628
1.772640183692659e+18,7.655658935546875,-0.0656719207763671,0.0086789056658744,0.0051377080380916,0.0002663158811628,-0.00093210558407,0.0005326317623257
1.7726401837126502e+18,7.675650146484375,-0.0518989562988281,-0.0056723020970821,-0.0186986830085515,0.0007989476434886,0.0001331579405814,0.0007989476434886
1.7726401837526328e+18,7.7156328125,-0.0608835220336914,-0.0109180994331836,-0.0062448382377624,-0.0005326317623257,0.0014647373463958,-0.0002663158811628
1.7726401837726241e+18,7.7356240234375,-0.0423192977905273,0.0081840604543685,-0.006206514313817,-0.0002663158811628,0.0003994738217443,-0.0005326317623257
1.7726401837926154e+18,7.755615478515625,-0.0327377319335937,-0.0063767284154891,-0.0110456626862287,0.0,0.0003994738217443,0.0002663158811628
1.772640183832598e+18,7.795597900390625,-0.0560951232910156,-0.0065493136644363,0.0035381969064474,0.0013315794058144,0.0003994738217443,-0.0002663158811628
1.7726401838525893e+18,7.81558935546875,-0.0519046783447265,0.0028805993497371,-0.0010237544775009,0.0002663158811628,0.0003994738217443,-0.0005326317623257
1.7726401838725806e+18,7.83558056640625,-0.0800504684448242,-0.0066790096461772,-0.0059267096221446,0.0007989476434886,-0.0003994738217443,0.0005326317623257
1.772640183892572e+18,7.855572021484375,-0.0608863830566406,-0.0017168745398521,-0.0161066632717847,0.0005326317623257,0.0003994738217443,-0.0002663158811628
1.7726401839325545e+18,7.895554443359375,-0.0608844757080078,-0.0017041452229022,-0.0068782474845647,0.0010652635246515,0.00093210558407,0.0005326317623257
1.772640183972537e+18,7.935537109375,-0.0560932159423828,-0.0015723295509815,0.0036651659756898,-0.0002663158811628,-0.0003994738217443,0.0
1.7726401839925284e+18,7.9555283203125,-0.0608816146850585,0.0082592405378818,0.0084165353327989,-0.0007989476434886,-0.0001331579405814,-0.0005326317623257
1.772640184032511e+18,7.995510986328125,-0.0471076965332031,-0.0204475708305835,-0.0014858152717351,-0.0002663158811628,-0.0014647373463958,0.0
1.7726401840724936e+18,8.03549365234375,-0.0608806610107421,-0.0060315728187561,0.0032628383487462,0.0,-0.0006657897029072,0.0002663158811628
1.7726401840924849e+18,8.05548486328125,-0.05609130859375,-0.0060584470629692,0.0033257342875003,-0.0015978952869772,-0.0001331579405814,0.0007989476434886
1.7726401841324675e+18,8.095467529296876,-0.0704631805419921,-0.0060359165072441,0.0080644115805625,-0.0007989476434886,-0.0011984214652329,-0.0002663158811628
1.7726401841524588e+18,8.115458740234375,-0.0423183441162109,0.0081205405294895,0.0082722678780555,-0.0005326317623257,0.0001331579405814,-0.0007989476434886
1.77264018417245e+18,8.135449951171875,-0.0560922622680664,0.0081109106540679,-0.0012823417782783,-0.0002663158811628,0.0001331579405814,0.0005326317623257
1.772640184212432e+18,8.175431884765626,-0.0471067428588867,-0.0107073299586772,-0.0013467110693454,0.0,-0.0003994738217443,0.0005326317623257
1.7726401842324224e+18,8.19542236328125,-0.0471067428588867,-0.0011662505567073,-0.0060473550111055,0.0010652635246515,0.00093210558407,0.0002663158811628
1.772640184252413e+18,8.215412841796875,-0.0471067428588867,0.0035751909017562,-0.0159405302256345,-0.0002663158811628,-0.0001331579405814,-0.0002663158811628
1.7726401842724035e+18,8.235403564453126,-0.0375251770019531,0.0082494020462036,0.0029866285622119,-0.0005326317623257,-0.0003994738217443,0.0002663158811628
1.772640184292394e+18,8.25539404296875,-0.0518980026245117,0.0129171051084995,-0.0017826873809099,0.0002663158811628,-0.0019973691087216,0.0
1.772640184332375e+18,8.295375,-0.0656700134277343,-0.0012247189879417,-0.0019489154219627,0.0005326317623257,-0.00093210558407,0.0
1.7726401843523656e+18,8.315365478515625,-0.0656719207763671,0.0177524015307426,0.0028007552027702,0.0007989476434886,0.00093210558407,0.0
1.772640184372356e+18,8.335356201171875,-0.0423164367675781,0.0127843059599399,-0.0116246975958347,-0.0010652635246515,0.0001331579405814,-0.0005326317623257
1.7726401843923466e+18,8.3553466796875,-0.05609130859375,0.0032042413949966,-0.0065846890211105,0.0002663158811628,-0.0001331579405814,0.0
1.7726401844123372e+18,8.375337158203125,-0.0471076965332031,-0.006306454539299,0.0030799936503171,0.0013315794058144,-0.0001331579405814,0.0005326317623257
1.7726401844323277e+18,8.39532763671875,-0.0518989562988281,0.0128382146358489,0.0128579698503017,0.0002663158811628,0.0001331579405814,0.0002663158811628
1.7726401844523182e+18,8.415318115234374,-0.0518989562988281,0.0033613517880439,-0.0158793218433856,-0.0002663158811628,0.0011984214652329,-0.0002663158811628
1.7726401844723087e+18,8.435308837890625,-0.0327339172363281,-0.0012614279985427,-0.0255863461643457,-0.0002663158811628,0.0011984214652329,-0.0005326317623257
1.7726401844922993e+18,8.45529931640625,-0.0471067428588867,0.0177136026322841,-0.0064869597554206,-0.0005326317623257,-0.0001331579405814,-0.0007989476434886
1.7726401845122898e+18,8.475289794921874,-0.0560894012451171,0.0129538923501968,-0.0069680828601121,-0.0007989476434886,-0.00093210558407,-0.0002663158811628
1.7726401845322803e+18,8.4952802734375,-0.0279436111450195,-0.0016672238707542,-0.002147052437067,0.0007989476434886,-0.0003994738217443,0.0005326317623257
1.7726401845522706e+18,8.5152705078125,-0.0375251770019531,0.0127373486757278,-0.0020126681774854,-0.0002663158811628,-0.0025300008710473,0.0005326317623257
1.772640184572261e+18,8.53526123046875,-0.0608816146850585,0.0031052678823471,-0.0066587422043085,0.0013315794058144,0.0001331579405814,0.0005326317623257
1.7726401845922516e+18,8.555251708984375,-0.0518989562988281,-0.0065048448741436,-0.006671167910099,-0.0002663158811628,0.0006657897029072,0.0007989476434886
1.7726401846122422e+18,8.5752421875,-0.0560903549194335,-0.0062698051333427,-0.0115214996039867,0.0002663158811628,0.0006657897029072,0.0005326317623257
1.7726401846322327e+18,8.595232666015624,-0.0327339172363281,0.0032069236040115,-0.0067874193191528,0.0002663158811628,-0.0001331579405814,-0.0002663158811628
1.7726401846522232e+18,8.61522314453125,-0.0375251770019531,0.0223802775144577,-0.0020698402076959,-0.0010652635246515,0.0001331579405814,0.0002663158811628
1.7726401846722138e+18,8.6352138671875,-0.0608806610107421,-0.0015114396810531,0.0026421174407005,0.0005326317623257,-0.00093210558407,0.0005326317623257
1.7726401846922043e+18,8.655204345703124,-0.0518960952758789,-0.001444786787033,0.0024449676275253,-0.0002663158811628,-0.0003994738217443,0.0018642111681401
1.7726401847121946e+18,8.675194580078125,-0.0518960952758789,0.0032973363995552,0.0016510765999555,-0.0002663158811628,-0.0001331579405814,0.0002663158811628
1.7726401847521748e+18,8.7151748046875,-0.0560884475708007,-0.0064702071249485,-0.0074492916464805,0.0007989476434886,-0.0001331579405814,0.0
1.772640184772165e+18,8.7351650390625,-0.0518960952758789,-0.0064434073865413,0.0115487463772296,0.0005326317623257,-0.0006657897029072,0.0002663158811628
1.7726401847921554e+18,8.7551552734375,-0.0327320098876953,0.0030852667987346,-0.0164760015904903,0.0005326317623257,-0.0003994738217443,0.0
1.7726401848121457e+18,8.775145751953126,-0.0327320098876953,0.003141850233078,-0.0116904191672801,-0.0002663158811628,-0.0006657897029072,0.0007989476434886
1.772640184832136e+18,8.795135986328125,-0.0608797073364257,-0.0066238157451152,-0.0165217109024524,0.0005326317623257,0.0003994738217443,-0.0005326317623257
1.772640184852126e+18,8.8151259765625,-0.0560894012451171,-0.0018193684518337,-0.0165100246667861,-0.0005326317623257,0.0003994738217443,0.0013315794058144
1.7726401848721162e+18,8.8351162109375,-0.0518980026245117,0.0125826075673103,-0.0209587179124355,0.0005326317623257,-0.0006657897029072,0.0005326317623257
1.7726401848921065e+18,8.8551064453125,-0.0471057891845703,0.017447043210268,-0.0067615509033203,0.0010652635246515,-0.0001331579405814,0.0005326317623257
1.772640184932087e+18,8.895087158203125,-0.0656700134277343,-0.0015406049787998,0.0076134949922561,-0.0005326317623257,-0.00093210558407,-0.0005326317623257
1.7726401849520773e+18,8.915077392578125,-0.0560903549194335,0.0077733136713504,-0.0073743499815464,-0.0013315794058144,0.0006657897029072,0.0
1.7726401849720673e+18,8.9350673828125,-0.0704631805419921,-0.0113020241260528,-0.0072804242372512,0.0007989476434886,-0.0003994738217443,0.0007989476434886
1.7726401849920576e+18,8.9550576171875,-0.0279436111450195,-0.011317852884531,0.0119326431304216,0.0005326317623257,0.0003994738217443,0.0
1.772640185012048e+18,8.9750478515625,-0.0375242233276367,-0.0016183294355869,-0.0072408597916364,-0.0002663158811628,0.00093210558407,0.0010652635246515
1.7726401850320381e+18,8.9950380859375,-0.0608797073364257,0.0032263845205307,0.0022698063403367,-0.0002663158811628,-0.0001331579405814,0.0005326317623257
1.7726401850520284e+18,9.0150283203125,-0.0327329635620117,0.0078651197254657,-0.0170057900249958,-0.0002663158811628,-0.0006657897029072,0.0002663158811628
1.7726401850720184e+18,9.035018310546874,-0.0656719207763671,-0.0016978569328784,-0.0072993356734514,0.0003994738217443,-0.0002663158811628,-0.0001331579405814
1.7726401850920087e+18,9.0550087890625,-0.0704622268676757,0.0031049288809299,-0.0073307361453771,0.0001331579405814,0.0,0.0003994738217443
1.772640185111999e+18,9.0749990234375,-0.0560894012451171,0.0126756355166435,0.0022492557764053,-0.0001331579405814,-0.0002663158811628,0.0001331579405814
1.7726401851519793e+18,9.114979248046875,-0.0518980026245117,0.0126465409994125,-0.0069900061935186,-0.0001331579405814,0.0,0.0003994738217443
1.7726401851919598e+18,9.154959716796874,-0.0423192977905273,-0.0066784657537937,-0.0063944160938262,0.0003994738217443,0.0010652635246515,0.0003994738217443
1.772640185211951e+18,9.174951171875,-0.0423192977905273,-0.0210333690047264,-0.0111545529216527,0.0011984214652329,0.0015978952869772,0.0003994738217443
1.7726401852319424e+18,9.1949423828125,-0.05609130859375,-0.0064171999692916,-0.0160083249211311,-0.0003994738217443,0.0010652635246515,0.0003994738217443
1.7726401852519337e+18,9.21493359375,-0.0423183441162109,-0.0062215067446231,-0.0156001858413219,0.0001331579405814,0.0,0.0006657897029072
1.7726401852719252e+18,9.23492529296875,-0.0423173904418945,0.0035794861614704,-0.0155593007802963,-0.0011984214652329,-0.0005326317623257,-0.0003994738217443
1.7726401852919165e+18,9.25491650390625,-0.0231533050537109,-0.0107486881315708,-0.0058555155992507,-0.0003994738217443,0.002130527049303,0.0006657897029072
1.7726401853119078e+18,9.274907958984375,-0.0375270843505859,-0.006184883415699,-0.0201759058982133,-0.0014647373463958,0.0002663158811628,0.0001331579405814
1.7726401853318991e+18,9.294899169921877,-0.0656757354736328,0.0127542652189731,-0.0201756469905376,-0.00093210558407,-0.0002663158811628,-0.0003994738217443
1.7726401853518904e+18,9.314890380859374,-0.0608844757080078,-0.0064227767288684,-0.0201231800019741,0.0017310532275587,0.0005326317623257,-0.0001331579405814
1.772640185371882e+18,9.334882080078126,-0.0471115112304687,0.0078451000154018,-0.0344095379114151,0.00093210558407,-0.0005326317623257,0.0014647373463958
1.7726401853918733e+18,9.354873291015624,-0.0560941696166992,-0.0063928142189979,-0.0201412755995988,0.0001331579405814,-0.0002663158811628,-0.0003994738217443
1.7726401854318559e+18,9.39485595703125,-0.0560951232910156,0.0031470693647861,-0.0150082688778638,0.0001331579405814,-0.0002663158811628,-0.0006657897029072
1.7726401854718387e+18,9.434838623046875,-0.0375280380249023,-0.0108560100197792,-0.0007466003298759,-0.0003994738217443,-0.0002663158811628,0.0003994738217443
1.7726401855118213e+18,9.4748212890625,-0.0608835220336914,0.0227429121732711,-0.0102199129760265,0.0003994738217443,0.0010652635246515,0.0006657897029072
1.7726401855318126e+18,9.4948125,-0.0375280380249023,0.0084725357592105,-0.0100875627249479,-0.00093210558407,0.0002663158811628,-0.0001331579405814
1.772640185551804e+18,9.514803955078126,-0.0608835220336914,0.008523192256689,0.0043824911117553,-0.0003994738217443,0.0,-0.0001331579405814
1.7726401855717955e+18,9.53479541015625,-0.0327358245849609,-0.0057640932500362,-0.005234882235527,-0.0006657897029072,0.0005326317623257,-0.0001331579405814
1.7726401855917868e+18,9.554786865234377,-0.0518999099731445,0.0135422274470329,0.0044959727674722,-0.0003994738217443,0.0005326317623257,0.0003994738217443
1.772640185611778e+18,9.574778076171874,-0.0608816146850585,0.0040268935263156,0.0092168040573596,-0.0003994738217443,-0.0002663158811628,0.0006657897029072
1.7726401856317693e+18,9.594769287109376,-0.0327358245849609,0.0134902074933052,-0.0003084354102611,-0.00093210558407,0.0007989476434886,0.0001331579405814
1.7726401856717522e+18,9.634752197265623,-0.0375261306762695,-0.0103578977286815,-0.0005309879779815,-0.0003994738217443,0.0,0.0006657897029072
1.7726401857117345e+18,9.674734619140626,-0.0656719207763671,0.0137023590505123,-0.0100815705955028,0.0003994738217443,0.0002663158811628,0.0006657897029072
1.7726401857317256e+18,9.6947255859375,-0.0423154830932617,-0.0099993124604225,-0.014987975358963,-0.0003994738217443,-0.0005326317623257,0.0003994738217443
1.7726401857717076e+18,9.734707763671874,-0.0560903549194335,0.0092856287956237,0.0050546117126941,-0.0001331579405814,0.0002663158811628,-0.0001331579405814
1.7726401857916987e+18,9.75469873046875,-0.0423164367675781,0.0091774612665176,-0.0045127477496862,-0.0011984214652329,-0.0007989476434886,0.00093210558407
1.7726401858116897e+18,9.774689697265623,-0.0518980026245117,0.0042909905314445,-0.0093287210911512,-0.0001331579405814,0.0013315794058144,0.0006657897029072
1.7726401858316808e+18,9.7946806640625,-0.0471067428588867,0.0041997767984867,0.0049316603690385,0.0003994738217443,0.0,0.0001331579405814
1.7726401858716628e+18,9.834662841796876,-0.0518989562988281,0.0039967410266399,-0.0094992388039827,0.0003994738217443,-0.0002663158811628,0.00093210558407
1.772640185891654e+18,9.85465380859375,-0.0423164367675781,0.0041098371148109,-0.0094725303351879,0.0003994738217443,-0.0005326317623257,0.0001331579405814
1.7726401859316362e+18,9.89463623046875,-0.0471086502075195,-0.0008405745029449,0.0098049826920032,0.0006657897029072,0.0002663158811628,-0.0001331579405814
1.7726401859516273e+18,9.914627197265624,-0.0327367782592773,-0.0009760595858097,0.0235236231237649,-0.0003994738217443,-0.0002663158811628,0.0003994738217443
1.7726401859716183e+18,9.934618408203123,-0.0519008636474609,0.0133351311087608,-0.0050484407693147,0.0006657897029072,0.0002663158811628,-0.0006657897029072
1.7726401859916093e+18,9.954609375,-0.0560922622680664,0.0087506733834743,-0.0051883682608604,0.0006657897029072,0.0,-0.0001331579405814
1.7726401860116004e+18,9.974600341796876,-0.065673828125,-0.0009137839078903,0.0043862499296665,0.0003994738217443,0.0007989476434886,0.0001331579405814
1.7726401860515825e+18,10.01458251953125,-0.0327377319335937,-0.0010634548962116,-0.0151503309607505,-0.0014647373463958,-0.0007989476434886,0.00093210558407
1.7726401860715735e+18,10.034573486328124,-0.0560932159423828,-0.0153267383575439,-0.0056558940559625,0.0003994738217443,0.0002663158811628,0.0003994738217443
1.7726401861115556e+18,10.0745556640625,-0.0518989562988281,-0.0006028115749359,-0.0057501811534166,0.0003994738217443,0.0005326317623257,0.0003994738217443
1.7726401861515377e+18,10.11453759765625,-0.0471067428588867,-0.0150866955518722,0.0040682759135961,-0.0001331579405814,-0.0002663158811628,-0.0003994738217443
1.7726401861715287e+18,10.13452880859375,-0.0560903549194335,0.0184749141335487,-0.0150022618472576,-0.0011984214652329,-0.0005326317623257,0.0001331579405814
1.7726401861915197e+18,10.154519775390623,-0.05609130859375,0.0279535613954067,0.0042066648602485,-0.0001331579405814,-0.0010652635246515,0.0014647373463958
1.7726401862115105e+18,10.174510498046876,-0.0327339172363281,-0.0102208778262138,-0.0005792882293462,-0.0003994738217443,0.0002663158811628,0.0001331579405814
1.772640186231501e+18,10.1945009765625,-0.0560894012451171,-0.0149075426161289,0.0137610454112291,0.0001331579405814,0.0002663158811628,0.0003994738217443
1.7726401862514916e+18,10.21449169921875,-0.0560903549194335,0.0042126215994358,0.0233916491270065,-0.0001331579405814,-0.0002663158811628,0.0001331579405814
1.772640186271482e+18,10.234482177734376,-0.0518980026245117,-0.0004486814141273,-0.019516309723258,-0.00093210558407,0.0002663158811628,-0.00093210558407
1.772640186291473e+18,10.254472900390626,-0.0608816146850585,-0.0052580721676349,-0.0193576458841562,0.0001331579405814,0.0005326317623257,0.0001331579405814
1.7726401863114634e+18,10.27446337890625,-0.0279436111450195,-0.0052796527743339,0.014040132984519,-0.0001331579405814,0.0007989476434886,0.0003994738217443
1.772640186331454e+18,10.294453857421876,-0.0518980026245117,-0.0004202164709568,0.0043461974710226,-0.0003994738217443,0.0,0.0014647373463958
1.7726401863514445e+18,10.314444580078124,-0.0518989562988281,-0.0054349489510059,-0.0093479752540588,0.0001331579405814,0.0002663158811628,-0.0006657897029072
1.7726401863914258e+18,10.35442578125,-0.0423183441162109,-0.0054491944611072,0.0100853070616722,-0.0003994738217443,-0.0007989476434886,0.0003994738217443
1.7726401864114163e+18,10.374416259765624,-0.0518999099731445,0.008919883519411,-0.0138836279511451,0.00093210558407,0.0002663158811628,-0.0001331579405814
1.7726401864314068e+18,10.39440673828125,-0.060882568359375,0.0041379779577255,-0.0179740972816944,0.0003994738217443,0.0005326317623257,0.0006657897029072
1.7726401864713882e+18,10.43438818359375,-0.0423164367675781,0.0043437555432319,-0.0087468139827251,0.0001331579405814,-0.0007989476434886,-0.0001331579405814
1.7726401864913787e+18,10.454378662109375,-0.0279436111450195,-0.0050973072648048,-0.0134991705417633,-0.0006657897029072,0.0005326317623257,0.0003994738217443
1.7726401865313597e+18,10.49435986328125,-0.0566864013671875,-2.33203172683e-05,-0.013632608577609,-0.0006657897029072,-0.0010652635246515,0.0011984214652329
1.7726401865513503e+18,10.514350341796876,-0.0560874938964843,0.0048791617155075,-0.0002962723374366,-0.00093210558407,-0.0002663158811628,0.0001331579405814
1.772640186571341e+18,10.534341064453123,-0.0752515792846679,0.00472953915596,0.0044337548315525,0.0001331579405814,-0.0005326317623257,0.0003994738217443
1.7726401865913316e+18,10.55433154296875,-0.0560903549194335,0.0093593001365661,-4.02238219976e-05,-0.0006657897029072,0.0007989476434886,0.0006657897029072
1.772640186611322e+18,10.574322021484376,-0.0471057891845703,0.0094588696956634,-0.0048674084246158,0.0006657897029072,-0.0002663158811628,-0.0003994738217443
1.7726401866313126e+18,10.594312744140623,-0.0560903549194335,0.0188077315688133,-0.0001239720731973,0.0006657897029072,0.0015978952869772,0.0003994738217443
1.772640186671294e+18,10.6342939453125,-0.0518989562988281,-0.0147217735648155,-0.0095206964761018,-0.0006657897029072,-0.0002663158811628,0.0003994738217443
1.7726401866912845e+18,10.654284423828123,-0.0518989562988281,-0.0004335418343544,-0.0093375742435455,0.00093210558407,-0.0005326317623257,0.0003994738217443
1.772640186711275e+18,10.67427490234375,-0.0423183441162109,0.0138181149959564,0.0001942459493875,-0.0001331579405814,0.0002663158811628,-0.0006657897029072
1.7726401867312653e+18,10.694265380859376,-0.0471086502075195,-0.0100915916264057,0.0002494230866432,0.0003994738217443,0.0007989476434886,-0.0006657897029072
1.7726401867512558e+18,10.714255859375,-0.0279445648193359,0.0141072683036327,0.0104594081640243,0.0003994738217443,-0.0002663158811628,-0.0006657897029072
1.7726401867712463e+18,10.734246337890625,-0.05609130859375,0.0043247118592262,0.0102798733860254,-0.0001331579405814,0.0002663158811628,0.0003994738217443
1.7726401867912369e+18,10.75423681640625,-0.0423173904418945,0.004369169473648,-0.0184392351657152,-0.0014647373463958,0.0002663158811628,0.0003994738217443
1.7726401868312177e+18,10.7942177734375,-0.0752592086791992,-0.0103999935090541,0.0062241125851869,0.00093210558407,-0.0007989476434886,0.0003994738217443
1.7726401868512082e+18,10.814208251953126,-0.0560970306396484,-0.0106316022574901,-0.0030547492206096,0.0,-0.0001331579405814,0.0
1.7726401868711987e+18,10.83419873046875,-0.0327415466308593,0.0035265125334262,-0.007945530116558,0.0018642111681401,0.0030626326333731,0.0
1.772640186891189e+18,10.85418896484375,-0.0471134185791015,-0.0107119940221309,-0.007890585809946,0.0013315794058144,0.0014647373463958,-0.0015978952869772
1.7726401869111795e+18,10.874179443359376,-0.0471124649047851,-0.0057471990585327,0.0062397420406341,0.0010652635246515,-0.0006657897029072,0.0007989476434886
1.77264018693117e+18,10.894170166015623,-0.0471124649047851,0.0087110772728919,-0.0032973308116197,-0.0005326317623257,0.0001331579405814,-0.0010652635246515
,,,,,-0.0007989476434886,-0.0011984214652329,-0.0010652635246515
,,,,,-0.0005326317623257,0.0001331579405814,0.0007989476434886
